[
{
    "fields": {
        "wizard": "cpe2",
        "name": "Test",
        "configuration": "{\n    \"wan1\": {\n        \"router\": \"c1841\", \n        \"access_type\": \"ethernet\"\n    }, \n    \"wan2\": {\n        \"router\": \"c1801\", \n        \"access_type\": \"adsl\"\n    }, \n    \"fallback\": {\n        \"password\": \"secret\", \n        \"network\": \"192.168.1.1/24\"\n    }\n}"
    },
    "model": "genconf.project",
    "pk": 1
},
{
    "fields": {
        "wizard": "",
        "name": "Custom",
        "configuration": "{\r\n    \"wan1\": {\r\n        \"router\": \"c1841\", \r\n        \"access_type\": \"ethernet\"\r\n    }, \r\n    \"wan2\": {\r\n        \"router\": \"c1841\", \r\n        \"access_type\": \"ethernet\"\r\n    }, \r\n    \"fallback\": {\r\n        \"password\": \"secret\", \r\n        \"network\": \"172.16.1.1/30\"\r\n    }\r\n}"
    },
    "model": "genconf.project",
    "pk": 2
},
{
    "fields": {
        "project": 1,
        "model": "c1841",
        "name": "wan1"
    },
    "model": "genconf.router",
    "pk": 1
},
{
    "fields": {
        "project": 1,
        "model": "c1801",
        "name": "wan2"
    },
    "model": "genconf.router",
    "pk": 2
},
{
    "fields": {
        "project": 2,
        "model": "c1841",
        "name": "wan1"
    },
    "model": "genconf.router",
    "pk": 3
},
{
    "fields": {
        "project": 2,
        "model": "c1841",
        "name": "wan2"
    },
    "model": "genconf.router",
    "pk": 4
},
{
    "fields": {
        "router": 1,
        "name": "",
        "default_gateway": ""
    },
    "model": "genconf.vrf",
    "pk": 1
},
{
    "fields": {
        "router": 2,
        "name": "",
        "default_gateway": ""
    },
    "model": "genconf.vrf",
    "pk": 2
},
{
    "fields": {
        "router": 3,
        "name": "",
        "default_gateway": ""
    },
    "model": "genconf.vrf",
    "pk": 3
},
{
    "fields": {
        "router": 4,
        "name": "",
        "default_gateway": ""
    },
    "model": "genconf.vrf",
    "pk": 4
},
{
    "fields": {
        "ipnetwork": "192.168.1.1/24",
        "vrf": 1,
        "description": "Fallback link"
    },
    "model": "genconf.layer3interface",
    "pk": 1
},
{
    "fields": {
        "ipnetwork": "192.168.1.2/24",
        "vrf": 2,
        "description": "Fallback link"
    },
    "model": "genconf.layer3interface",
    "pk": 2
},
{
    "fields": {
        "ipnetwork": "172.16.1.1/30",
        "vrf": 3,
        "description": "Fallback link"
    },
    "model": "genconf.layer3interface",
    "pk": 3
},
{
    "fields": {
        "ipnetwork": "172.16.1.2/30",
        "vrf": 4,
        "description": "Fallback link"
    },
    "model": "genconf.layer3interface",
    "pk": 4
},
{
    "fields": {
        "layer_3_interface": null,
        "router": 1,
        "tag": 1,
        "description": ""
    },
    "model": "genconf.vlan",
    "pk": 1
},
{
    "fields": {
        "layer_3_interface": null,
        "router": 2,
        "tag": 1,
        "description": ""
    },
    "model": "genconf.vlan",
    "pk": 2
},
{
    "fields": {
        "layer_3_interface": null,
        "router": 3,
        "tag": 1,
        "description": ""
    },
    "model": "genconf.vlan",
    "pk": 3
},
{
    "fields": {
        "layer_3_interface": null,
        "router": 4,
        "tag": 1,
        "description": ""
    },
    "model": "genconf.vlan",
    "pk": 4
},
{
    "fields": {
        "native_vlan": 1,
        "dot1q_encapsulation": "802.1q",
        "layer": "3",
        "name": "fe0/0",
        "duplex": "auto",
        "speed": "auto",
        "mtu": 1500,
        "dot1q_mode": "access",
        "router": 1,
        "type": "ethernet",
        "description": ""
    },
    "model": "genconf.physicalinterface",
    "pk": 1
},
{
    "fields": {
        "native_vlan": 1,
        "dot1q_encapsulation": "802.1q",
        "layer": "3",
        "name": "fe0/1",
        "duplex": "auto",
        "speed": "auto",
        "mtu": 1500,
        "dot1q_mode": "access",
        "router": 1,
        "type": "ethernet",
        "description": ""
    },
    "model": "genconf.physicalinterface",
    "pk": 2
},
{
    "fields": {
        "native_vlan": 2,
        "dot1q_encapsulation": "802.1q",
        "layer": "3",
        "name": "atm0",
        "duplex": "auto",
        "speed": "auto",
        "mtu": 1500,
        "dot1q_mode": "access",
        "router": 2,
        "type": "atm",
        "description": ""
    },
    "model": "genconf.physicalinterface",
    "pk": 3
},
{
    "fields": {
        "native_vlan": 2,
        "dot1q_encapsulation": "802.1q",
        "layer": "3",
        "name": "fe0",
        "duplex": "auto",
        "speed": "auto",
        "mtu": 1500,
        "dot1q_mode": "access",
        "router": 2,
        "type": "ethernet",
        "description": ""
    },
    "model": "genconf.physicalinterface",
    "pk": 4
},
{
    "fields": {
        "native_vlan": 2,
        "dot1q_encapsulation": "802.1q",
        "layer": "2",
        "name": "fe1",
        "duplex": "auto",
        "speed": "auto",
        "mtu": 1500,
        "dot1q_mode": "access",
        "router": 2,
        "type": "ethernet",
        "description": ""
    },
    "model": "genconf.physicalinterface",
    "pk": 5
},
{
    "fields": {
        "native_vlan": 2,
        "dot1q_encapsulation": "802.1q",
        "layer": "2",
        "name": "fe2",
        "duplex": "auto",
        "speed": "auto",
        "mtu": 1500,
        "dot1q_mode": "access",
        "router": 2,
        "type": "ethernet",
        "description": ""
    },
    "model": "genconf.physicalinterface",
    "pk": 6
},
{
    "fields": {
        "native_vlan": 2,
        "dot1q_encapsulation": "802.1q",
        "layer": "2",
        "name": "fe3",
        "duplex": "auto",
        "speed": "auto",
        "mtu": 1500,
        "dot1q_mode": "access",
        "router": 2,
        "type": "ethernet",
        "description": ""
    },
    "model": "genconf.physicalinterface",
    "pk": 7
},
{
    "fields": {
        "native_vlan": 2,
        "dot1q_encapsulation": "802.1q",
        "layer": "2",
        "name": "fe4",
        "duplex": "auto",
        "speed": "auto",
        "mtu": 1500,
        "dot1q_mode": "access",
        "router": 2,
        "type": "ethernet",
        "description": ""
    },
    "model": "genconf.physicalinterface",
    "pk": 8
},
{
    "fields": {
        "native_vlan": 2,
        "dot1q_encapsulation": "802.1q",
        "layer": "2",
        "name": "fe5",
        "duplex": "auto",
        "speed": "auto",
        "mtu": 1500,
        "dot1q_mode": "access",
        "router": 2,
        "type": "ethernet",
        "description": ""
    },
    "model": "genconf.physicalinterface",
    "pk": 9
},
{
    "fields": {
        "native_vlan": 2,
        "dot1q_encapsulation": "802.1q",
        "layer": "2",
        "name": "fe6",
        "duplex": "auto",
        "speed": "auto",
        "mtu": 1500,
        "dot1q_mode": "access",
        "router": 2,
        "type": "ethernet",
        "description": ""
    },
    "model": "genconf.physicalinterface",
    "pk": 10
},
{
    "fields": {
        "native_vlan": 2,
        "dot1q_encapsulation": "802.1q",
        "layer": "2",
        "name": "fe7",
        "duplex": "auto",
        "speed": "auto",
        "mtu": 1500,
        "dot1q_mode": "access",
        "router": 2,
        "type": "ethernet",
        "description": ""
    },
    "model": "genconf.physicalinterface",
    "pk": 11
},
{
    "fields": {
        "native_vlan": 2,
        "dot1q_encapsulation": "802.1q",
        "layer": "2",
        "name": "fe8",
        "duplex": "auto",
        "speed": "auto",
        "mtu": 1500,
        "dot1q_mode": "access",
        "router": 2,
        "type": "ethernet",
        "description": ""
    },
    "model": "genconf.physicalinterface",
    "pk": 12
},
{
    "fields": {
        "native_vlan": 3,
        "dot1q_encapsulation": "802.1q",
        "layer": "3",
        "name": "fe0/0",
        "duplex": "auto",
        "speed": "auto",
        "mtu": 1500,
        "dot1q_mode": "access",
        "router": 3,
        "type": "ethernet",
        "description": ""
    },
    "model": "genconf.physicalinterface",
    "pk": 13
},
{
    "fields": {
        "native_vlan": 3,
        "dot1q_encapsulation": "802.1q",
        "layer": "3",
        "name": "fe0/1",
        "duplex": "auto",
        "speed": "auto",
        "mtu": 1500,
        "dot1q_mode": "access",
        "router": 3,
        "type": "ethernet",
        "description": ""
    },
    "model": "genconf.physicalinterface",
    "pk": 14
},
{
    "fields": {
        "native_vlan": 4,
        "dot1q_encapsulation": "802.1q",
        "layer": "3",
        "name": "fe0/0",
        "duplex": "auto",
        "speed": "auto",
        "mtu": 1500,
        "dot1q_mode": "access",
        "router": 4,
        "type": "ethernet",
        "description": ""
    },
    "model": "genconf.physicalinterface",
    "pk": 15
},
{
    "fields": {
        "native_vlan": 4,
        "dot1q_encapsulation": "802.1q",
        "layer": "3",
        "name": "fe0/1",
        "duplex": "auto",
        "speed": "auto",
        "mtu": 1500,
        "dot1q_mode": "access",
        "router": 4,
        "type": "ethernet",
        "description": ""
    },
    "model": "genconf.physicalinterface",
    "pk": 16
},
{
    "fields": {
        "pvc_vp": 8,
        "layer": "3",
        "description": "",
        "layer_3_interface": null,
        "vlan": 1,
        "pvc_encapsulation": "pppoa",
        "pvc_vc": 35,
        "link": "point-to-point",
        "physical_interface": 1,
        "pvc_dialer_pool_number": 1,
        "pvc_mux": "vc-mux",
        "name": "fe0/0.1"
    },
    "model": "genconf.subinterface",
    "pk": 1
},
{
    "fields": {
        "pvc_vp": 8,
        "layer": "3",
        "description": "",
        "layer_3_interface": null,
        "vlan": 2,
        "pvc_encapsulation": "pppoa",
        "pvc_vc": 35,
        "link": "point-to-point",
        "physical_interface": 4,
        "pvc_dialer_pool_number": 1,
        "pvc_mux": "vc-mux",
        "name": "fe0.1"
    },
    "model": "genconf.subinterface",
    "pk": 2
},
{
    "fields": {
        "pvc_vp": 8,
        "layer": "3",
        "description": "",
        "layer_3_interface": null,
        "vlan": 3,
        "pvc_encapsulation": "pppoa",
        "pvc_vc": 35,
        "link": "point-to-point",
        "physical_interface": 13,
        "pvc_dialer_pool_number": 1,
        "pvc_mux": "vc-mux",
        "name": "fe0/0.1"
    },
    "model": "genconf.subinterface",
    "pk": 3
},
{
    "fields": {
        "pvc_vp": 8,
        "layer": "3",
        "description": "",
        "layer_3_interface": null,
        "vlan": 4,
        "pvc_encapsulation": "pppoa",
        "pvc_vc": 35,
        "link": "point-to-point",
        "physical_interface": 15,
        "pvc_dialer_pool_number": 1,
        "pvc_mux": "vc-mux",
        "name": "fe0/0.1"
    },
    "model": "genconf.subinterface",
    "pk": 4
},
{
    "fields": {
        "project": 1,
        "router_interface_1": 1,
        "router_interface_2": 4
    },
    "model": "genconf.physicallink",
    "pk": 1
},
{
    "fields": {
        "project": 2,
        "router_interface_1": 13,
        "router_interface_2": 15
    },
    "model": "genconf.physicallink",
    "pk": 2
}
]
